,Sensitivity (%),Specificity (%),Accuracy (%),F1 Score (%),MCC (%),auROC (%)
amPEP,56.62009314703925,43.484042553191486,50.04988360492185,53.1210986267166,0.1050459480109652,n/a
CAMP-ANN,77.51164337990686,72.53989361702128,75.02494180246092,75.62479714378448,50.113093536664245,n/a
CAMP-DA,81.0379241516966,71.4095744680851,76.2221483205853,77.30879086004443,52.69141440551264,80.1579686371937
CAMP-RF,84.69727212242182,72.73936170212765,78.71632856667775,79.91211550533585,57.8503961487551,83.04972501804899
CAMP-SVM,83.03393213572853,71.875,77.45261057532424,78.63894139886578,55.2528840673662,80.27227902351326
iAMP-2L,76.18097139055223,74.60106382978722,75.39075490522114,75.57755775577559,50.78823665132744,n/a
iAMPpred,89.5542248835662,55.91755319148937,72.73029597605587,76.65148063781321,48.28253968010384,82.27622768647103
Veltri-DNN,90.08649367930805,66.95478723404256,78.51679414699035,80.73941562313655,58.62873873636049,86.45486066873345
