,Sensitivity (%),Specificity (%),Accuracy (%),F1 Score (%),MCC (%),auROC (%)
Veltri Recr. - DNN*,75.98137059214903,85.1063829787234,80.54539408047889,79.60962007668178,61.34482374446185,85.8150498648094
BERT - DNN,84.4311377245509,84.90691489361703,84.66910542068507,84.62820940313438,69.33891149507112,90.83990706530201
BERT BFD - DNN,86.82634730538922,88.16489361702128,87.49584303292318,87.40790354989953,74.99820852772442,93.58441804334593
T5XL UNI - DNN,88.88888888888889,87.63297872340425,88.2607249750582,88.3305785123967,76.52765688672713,94.6574050480599
T5XL BFD - DNN,86.16101131071191,88.9627659574468,87.5623545061523,87.38191632928475,75.15380473352229,93.67523817613002
XLNET - DNN,82.63473053892216,78.92287234042553,80.77818423678085,81.12344872632266,61.5995826134248,88.87265362891239
