,Sensitivity (%),Specificity (%),Accuracy (%),F1 Score (%),MCC (%),auROC (%)
Veltri Recr. - DNN*,88.48314606741573,92.69662921348315,90.58988764044943,90.38737446197992,81.2519323872764,96.11544864916046
BERT - DNN,90.30898876404494,93.82022471910112,92.06460674157303,91.92280200142959,84.18112200526024,97.29319214745612
BERT BFD - DNN,91.99438202247191,92.13483146067416,92.06460674157303,92.05903021784961,84.12929646010008,97.54805264486805
T5XL UNI - DNN,92.2752808988764,94.3820224719101,93.32865168539325,93.25762952448545,86.67654059034155,97.88921458780457
T5XL BFD - DNN,88.62359550561798,95.78651685393258,92.20505617977528,91.9155134741442,84.62749255799832,97.41214019694482
XLNET - DNN,88.48314606741573,91.01123595505618,89.74719101123596,89.61593172119487,79.51979758355563,95.78178260320666
